train_seed,model_seed,accuracy,macro_f1,weighted_f1,neutral_f1,positive_f1,negative_f1,model,dataset
12,12,0.7392592592592593,0.6818199913833013,0.7360221734799127,0.6490929912232049,0.8136047421959827,0.5827622407307163,sdadas/polish-roberta-base-v2,Basic_processing
