train_seed,model_seed,accuracy,macro_f1,weighted_f1,neutral_f1,positive_f1,negative_f1,model,dataset
12,12,0.7195061728395061,0.6379617361964711,0.7087996721892404,0.6480910910293832,0.8031772794094725,0.4626168381505574,sdadas/polish-roberta-base-v2,Basic_processing_spelling_SP
