train_seed,model_seed,accuracy,macro_f1,weighted_f1,neutral_f1,positive_f1,negative_f1,model,dataset
12,42,0.7343209876543211,0.6620213528286772,0.7254277166183647,0.6676688578643446,0.8103462379537945,0.5080489626678923,sdadas/polish-roberta-base-v2,Basic_processing_spelling_SP
